case_id,name,age,gender
1,Anitha Reddy,60,M
2,Raju Patil,47,F
3,Shobha Naik,43,F
4,Vinay Hegde,20,F
5,Naveen Achar,48,F
5,Srinivas Rao,22,M
6,Shobha,11,M
6,Srinivas Gowda,66,M
7,Srinivas Gowda,65,F
8,Srinivas Shetty,70,F
8,Praveen Poojary,31,M
9,Nandini Kumar,35,M
10,Anitha Patil,40,F
10,Chaitra Poojary,26,M
11,Bhavani Patil,64,M
12,Sushma,66,F
13,Anil Kumar,19,M
13,Mahesh Hegde,49,M
14,Praveen Reddy,14,F
15,Nandini Kumar,67,F
15,Geetha Kumar,32,F
16,Prasad Hegde,65,M
16,Kiran,33,M
17,Vinay Patil,38,M
17,Manjunath Achar,52,F
18,Naveen Reddy,46,F
18,Chaitra Patil,36,M
19,Chaitra Rao,34,M
20,Mahesh Reddy,39,F
21,Shobha Reddy,10,F
22,Ganesh Kumar,29,F
23,Manjula Hegde,13,F
23,Bhavani Gowda,34,M
24,Shivakumar Patil,27,M
25,Anitha Rao,39,F
25,Sushma Rao,61,F
26,Deepa Hegde,31,F
26,Nandini Hegde,28,M
27,Anitha Patil,34,F
28,Naveen Kumar,57,M
28,Naveen Kumar,53,F
29,Ganesh Patil,45,M
30,Manjula,53,M
30,Radha Poojary,20,M
31,Raju,67,F
31,Geetha Naik,69,F
32,Nagaraj Naik,23,M
32,Manjula Patil,61,F
33,Ganesh Gowda,28,M
34,Kiran Gowda,24,M
34,Raju Reddy,38,M
35,Anitha Gowda,64,F
36,Prasad Reddy,58,F
37,Santosh Naik,21,M
37,Pooja Gowda,27,F
38,Vinay Patil,34,F
38,Naveen Achar,50,M
39,Deepa Patil,57,M
39,Sowmya Reddy,62,M
40,Pooja Gowda,44,F
40,Suresh Reddy,35,F
41,Basavaraj Kumar,57,M
42,Ravi Gowda,31,F
43,Sushma Poojary,49,M
43,Vinay,66,F
44,Kavya Hegde,67,F
45,Ganesh Achar,8,F
46,Anitha Poojary,19,F
46,Geetha Hegde,25,M
47,Anitha Poojary,31,F
47,Bhavani Achar,25,F
48,Geetha Shetty,52,F
48,Praveen Patil,56,M
49,Mahesh Hegde,13,M
49,Kavya Poojary,52,F
50,Radha Rao,13,F
50,Santosh Hegde,13,F
51,Manjunath Gowda,27,F
52,Ganesh Shetty,59,M
53,Sowmya Shetty,49,F
53,Sowmya Gowda,23,F
54,Anitha Kumar,43,F
54,Basavaraj Shetty,40,F
55,Nandini Achar,21,M
55,Shivakumar Hegde,51,F
56,Anil Hegde,40,F
57,Pooja Poojary,70,M
57,Sowmya Poojary,20,F
58,Praveen,70,M
58,Nagaraj Shetty,32,F
59,Deepa Shetty,44,F
59,Srinivas,45,F
60,Sowmya,47,M
61,Praveen Gowda,64,M
61,Nagaraj Reddy,8,F
62,Basavaraj Achar,16,F
62,Naveen Kumar,21,M
63,Nagaraj Reddy,65,M
63,Anitha Poojary,17,F
64,Kiran Hegde,68,M
65,Anitha Poojary,45,M
66,Radha Naik,46,F
66,Pooja Kumar,68,M
67,Shobha Patil,33,F
68,Chaitra Kumar,55,M
68,Kiran Reddy,65,F
69,Geetha Patil,16,F
70,Pooja Gowda,18,F
71,Kavya Hegde,23,M
72,Manjunath Rao,12,M
73,Manjunath Gowda,12,M
73,Mahesh Shetty,41,F
74,Ravi Rao,62,M
75,Manjunath Poojary,47,F
75,Chaitra,32,F
76,Kiran Poojary,52,F
77,Geetha Hegde,65,F
77,Kavya Hegde,52,F
78,Savitri Achar,9,M
78,Nandini Patil,12,M
79,Santosh Rao,19,F
79,Shobha Naik,35,M
80,Nagaraj Hegde,25,M
80,Anil Reddy,54,F
81,Pooja Poojary,32,F
82,Basavaraj Shetty,22,M
82,Anitha Achar,45,F
83,Raju Reddy,65,F
84,Ganesh Rao,17,M
85,Geetha Achar,46,F
86,Anitha Achar,25,M
86,Sowmya Kumar,64,M
87,Praveen Achar,25,M
88,Ramesh Poojary,22,F
89,Suresh Rao,38,F
90,Manjunath Achar,17,M
91,Naveen Gowda,30,M
92,Chaitra Patil,12,M
93,Naveen Kumar,29,F
94,Kavya Hegde,24,M
94,Pooja Naik,12,M
95,Manjunath Shetty,28,M
95,Nagaraj Patil,50,M
96,Mahesh Naik,41,F
96,Praveen Kumar,63,M
97,Basavaraj Gowda,27,F
98,Ramesh,47,M
99,Vinay,37,F
99,Sowmya Gowda,48,M
100,Raju Gowda,61,F
101,Naveen Shetty,18,M
101,Basavaraj Reddy,8,F
102,Santosh Kumar,26,M
103,Bhavani Naik,60,F
104,Savitri Hegde,11,F
104,Prasad Reddy,17,F
105,Vinay Shetty,55,M
105,Prasad,34,M
106,Sowmya Reddy,33,F
107,Lakshmi Reddy,24,F
108,Santosh Achar,31,M
109,Savitri,27,M
109,Basavaraj Poojary,11,M
110,Anil Hegde,42,F
111,Manjula Shetty,22,F
112,Kiran Achar,17,F
113,Mahesh Achar,30,M
113,Shobha Achar,19,F
114,Savitri Shetty,11,F
114,Deepa Poojary,32,F
115,Chaitra Poojary,26,M
116,Prasad Achar,25,M
117,Suresh Achar,61,F
118,Geetha Hegde,15,M
119,Bhavani,44,F
120,Nandini,38,F
121,Naveen Naik,56,F
122,Basavaraj Reddy,68,M
122,Raju Hegde,47,M
123,Raju Shetty,31,F
123,Kavya Hegde,45,F
124,Ravi Gowda,15,M
124,Pooja Poojary,70,M
125,Naveen Kumar,39,M
125,Nagaraj Achar,65,M
126,Deepa Shetty,34,M
127,Basavaraj,32,M
127,Santosh Kumar,50,F
128,Anitha Reddy,16,F
129,Manjula Naik,69,F
129,Shivakumar Reddy,11,F
130,Santosh Achar,31,M
131,Manjula Poojary,20,M
132,Prasad Hegde,19,M
133,Shobha Naik,69,M
133,Sushma Kumar,37,M
134,Anitha Reddy,25,F
135,Bhavani Achar,64,F
136,Mahesh Kumar,37,F
137,Chaitra Hegde,69,F
137,Bhavani,28,M
138,Geetha Rao,12,F
139,Ganesh Shetty,70,F
139,Radha Rao,18,M
140,Lakshmi Gowda,63,M
141,Radha Shetty,14,M
142,Nagaraj Patil,14,F
142,Manjula,32,F
143,Anil Achar,35,F
144,Sowmya Rao,63,M
144,Nagaraj Reddy,18,F
145,Vinay Reddy,49,M
145,Basavaraj Poojary,39,M
146,Bhavani,20,M
146,Vinay Poojary,46,F
147,Kavya Achar,69,F
148,Basavaraj Kumar,9,M
149,Pooja Rao,10,F
149,Manjunath Shetty,50,M
150,Savitri Rao,49,M
150,Shobha Poojary,15,F
151,Radha Reddy,64,F
151,Anitha,27,M
152,Basavaraj Rao,70,F
152,Radha Poojary,48,F
153,Naveen Shetty,55,F
153,Basavaraj Shetty,12,F
154,Chaitra Poojary,34,M
155,Mahesh Kumar,27,F
156,Vinay Hegde,31,F
157,Pooja Patil,9,F
157,Srinivas Gowda,49,M
158,Pooja Gowda,41,M
158,Praveen Kumar,57,M
159,Shivakumar Poojary,46,F
159,Ravi Reddy,65,M
160,Anil Gowda,33,M
160,Basavaraj Kumar,23,F
161,Chaitra Patil,36,F
162,Suresh Shetty,11,F
163,Savitri Gowda,70,M
163,Shobha Rao,11,M
164,Ganesh Patil,53,F
164,Srinivas Shetty,48,M
165,Bhavani Achar,41,F
166,Shobha,12,M
167,Ramesh Naik,46,F
167,Praveen Poojary,22,M
168,Prasad Hegde,39,M
168,Savitri Kumar,35,M
169,Mahesh Reddy,40,M
169,Ravi Shetty,24,M
170,Shobha Gowda,69,F
171,Kavya Rao,39,F
171,Shivakumar Gowda,49,F
172,Kiran Gowda,47,M
173,Nagaraj Shetty,34,M
174,Shobha Poojary,53,M
175,Vinay Rao,38,F
175,Sowmya Naik,40,F
176,Mahesh,12,F
177,Savitri Hegde,44,F
177,Suresh Poojary,35,M
178,Geetha Shetty,11,M
178,Shivakumar Naik,37,M
179,Raju Patil,61,F
179,Santosh Achar,8,F
180,Deepa Reddy,21,F
180,Shobha,63,M
181,Anitha Poojary,62,F
182,Anil Patil,47,F
183,Mahesh Kumar,40,F
184,Shobha Poojary,29,F
185,Bhavani Naik,48,F
185,Nandini Kumar,52,F
186,Kiran Poojary,60,F
186,Deepa Poojary,65,M
187,Basavaraj Poojary,21,F
188,Geetha Hegde,62,F
189,Ramesh Hegde,64,F
189,Shobha Poojary,46,F
190,Pooja Shetty,30,M
191,Kiran Shetty,46,F
191,Mahesh Kumar,42,F
192,Basavaraj Naik,24,F
192,Sushma Kumar,29,M
193,Sowmya,45,M
193,Nagaraj Reddy,42,M
194,Sowmya,50,F
194,Raju Rao,30,F
195,Basavaraj,45,M
196,Deepa Kumar,51,F
197,Naveen,30,F
197,Ganesh Gowda,51,F
198,Ramesh Shetty,58,F
199,Ravi Achar,59,M
199,Chaitra Gowda,37,F
200,Savitri Rao,28,F
201,Sushma Achar,56,F
201,Sowmya Kumar,24,F
202,Lakshmi,39,F
203,Anil Reddy,54,F
203,Naveen Achar,31,M
204,Nandini Gowda,65,M
205,Anitha Gowda,40,M
205,Lakshmi Shetty,60,F
206,Manjula Hegde,48,F
206,Geetha Hegde,54,F
207,Nagaraj Poojary,42,M
207,Naveen Reddy,63,M
208,Ramesh,58,F
209,Anil,48,F
209,Kiran Rao,9,M
210,Ramesh Naik,63,M
210,Radha Hegde,36,F
211,Ramesh Poojary,35,M
212,Nandini Gowda,38,F
213,Naveen Poojary,49,F
214,Ramesh Reddy,32,M
214,Geetha Reddy,57,M
215,Santosh Shetty,19,M
216,Srinivas Poojary,28,M
216,Kiran Hegde,8,F
217,Nandini Reddy,35,F
217,Raju Reddy,18,M
218,Basavaraj Shetty,28,F
218,Manjunath Kumar,49,M
219,Santosh Poojary,35,F
219,Suresh,48,F
220,Deepa Kumar,66,M
221,Shivakumar Rao,33,M
221,Manjunath Patil,53,M
222,Savitri Gowda,46,F
222,Raju Reddy,67,M
223,Naveen Naik,57,F
224,Shobha Poojary,10,F
224,Savitri Achar,54,F
225,Anil Patil,29,F
225,Deepa Rao,19,F
226,Basavaraj Hegde,61,M
226,Ravi Gowda,16,F
227,Nagaraj Naik,49,M
227,Shivakumar Patil,45,F
228,Naveen Shetty,68,F
228,Nandini Naik,33,F
229,Vinay,35,M
230,Basavaraj Gowda,55,M
231,Kiran Kumar,42,F
231,Anil,56,F
232,Kavya Hegde,50,F
233,Lakshmi,61,M
234,Chaitra Shetty,56,M
235,Kavya Hegde,63,F
235,Nandini,14,M
236,Sowmya Gowda,67,F
236,Kavya Kumar,58,F
237,Bhavani Naik,39,F
238,Anitha,62,F
238,Radha Hegde,61,F
239,Anitha Reddy,58,M
239,Bhavani Rao,53,F
240,Savitri Gowda,17,M
241,Anil Poojary,61,M
241,Shivakumar Gowda,18,F
242,Shobha Hegde,10,F
243,Manjula Reddy,52,M
243,Manjula,41,M
244,Ramesh,55,M
245,Prasad,51,F
245,Prasad,30,F
246,Praveen Shetty,12,F
246,Lakshmi Gowda,39,F
247,Ravi Reddy,15,M
248,Chaitra Achar,36,M
249,Anitha,12,F
249,Kavya Reddy,30,F
250,Lakshmi Hegde,12,F
250,Nandini Kumar,30,M
251,Shivakumar Hegde,42,M
252,Bhavani Achar,27,M
252,Santosh Kumar,46,F
253,Srinivas Hegde,8,M
253,Kavya Achar,69,M
254,Ramesh,66,M
254,Lakshmi Shetty,22,F
255,Naveen Rao,41,M
256,Nandini Poojary,23,M
257,Bhavani Gowda,38,M
258,Praveen Hegde,19,F
259,Bhavani Hegde,55,F
259,Nandini Hegde,52,M
260,Naveen Patil,61,M
261,Geetha Rao,50,F
261,Manjunath Patil,55,F
262,Shobha Achar,15,F
262,Raju Kumar,59,F
263,Manjunath Rao,50,M
264,Lakshmi Shetty,18,M
265,Savitri Rao,17,F
265,Naveen Rao,39,F
266,Prasad Patil,53,F
267,Nandini Naik,30,M
268,Ramesh Kumar,20,M
269,Suresh Patil,21,F
270,Chaitra Reddy,41,M
270,Manjula Poojary,46,F
271,Deepa,42,F
271,Anil Poojary,56,M
272,Savitri Rao,67,F
272,Radha Hegde,12,F
273,Nandini Gowda,62,F
274,Sowmya Naik,23,F
275,Chaitra Gowda,59,F
276,Manjula Poojary,16,M
276,Shobha Gowda,11,F
277,Sushma Achar,32,F
277,Geetha Gowda,40,F
278,Radha Rao,48,F
278,Sowmya Patil,52,M
279,Anil Gowda,43,M
279,Anil Kumar,70,M
280,Santosh Achar,65,F
280,Prasad Shetty,48,F
281,Pooja Reddy,8,F
281,Ganesh,35,F
282,Sowmya Rao,54,F
282,Mahesh Gowda,21,F
283,Shivakumar Hegde,30,M
283,Ramesh Hegde,47,M
284,Mahesh Naik,63,F
284,Manjula Kumar,53,F
285,Savitri Patil,9,F
286,Radha Poojary,43,F
287,Kavya,27,M
287,Mahesh Naik,55,M
288,Nagaraj Shetty,31,M
289,Kiran Poojary,42,M
290,Lakshmi Naik,24,F
290,Nagaraj Poojary,54,M
291,Vinay Rao,17,F
292,Savitri Rao,12,F
293,Shobha Hegde,26,F
294,Radha Reddy,21,F
294,Lakshmi Achar,18,F
295,Ramesh Rao,49,M
296,Nagaraj Reddy,37,F
296,Anil Kumar,25,F
297,Bhavani Kumar,10,F
297,Anitha Naik,19,M
298,Vinay Patil,35,F
299,Shivakumar Hegde,58,F
299,Shivakumar Hegde,34,M
300,Ramesh Naik,57,M
300,Radha Achar,31,F
301,Sowmya Kumar,69,F
302,Prasad Kumar,14,F
303,Savitri Naik,10,M
304,Raju Reddy,49,F
305,Ravi Naik,60,M
306,Vinay Kumar,53,F
307,Kiran Achar,69,M
307,Pooja Reddy,24,M
308,Bhavani Gowda,56,M
308,Nandini Hegde,35,F
309,Srinivas Kumar,38,M
309,Kiran Naik,11,F
310,Santosh Naik,65,M
310,Ravi Kumar,41,F
311,Anil Kumar,21,M
312,Sowmya Gowda,21,M
313,Shobha Shetty,15,F
314,Manjunath Rao,42,F
314,Vinay Naik,40,F
315,Sowmya Kumar,34,F
315,Manjunath Patil,14,F
316,Nandini Rao,17,M
316,Santosh Poojary,41,M
317,Shivakumar,31,M
318,Mahesh Kumar,52,M
318,Raju,8,F
319,Pooja Rao,41,F
319,Geetha Rao,14,F
320,Geetha Kumar,31,F
321,Shivakumar Shetty,34,F
321,Praveen Achar,21,F
322,Shivakumar Shetty,46,F
322,Sowmya Poojary,26,M
323,Srinivas Hegde,26,F
324,Geetha Rao,58,F
325,Praveen Hegde,51,M
326,Sowmya Hegde,27,F
326,Manjula Poojary,11,M
327,Bhavani Gowda,41,F
327,Nandini Gowda,22,F
328,Sowmya Reddy,13,F
329,Suresh Shetty,17,F
330,Manjunath Kumar,33,F
330,Raju Patil,46,F
331,Ravi Hegde,10,M
332,Vinay Naik,38,M
333,Radha Achar,24,F
333,Manjunath Kumar,64,M
334,Sushma Patil,17,F
334,Shobha Kumar,68,M
335,Nandini Poojary,26,F
335,Chaitra Naik,50,M
336,Shobha Naik,53,M
336,Anitha Naik,50,M
337,Nandini Rao,12,M
338,Shobha Naik,36,M
339,Basavaraj Naik,57,M
339,Deepa Kumar,34,M
340,Pooja Gowda,34,F
341,Kiran Naik,19,M
342,Geetha Gowda,33,F
342,Pooja Naik,49,M
343,Kiran Achar,32,M
343,Anil Hegde,14,M
344,Pooja Poojary,29,M
345,Deepa Gowda,41,F
345,Anil Shetty,58,M
346,Manjula Patil,9,M
346,Lakshmi Hegde,10,M
347,Suresh Naik,15,F
348,Radha Shetty,39,F
348,Geetha Reddy,29,M
349,Praveen Shetty,32,M
350,Ravi Shetty,45,F
350,Sowmya Poojary,9,F
351,Praveen Rao,20,F
351,Sowmya Poojary,17,F
352,Lakshmi Shetty,13,F
353,Raju Kumar,67,F
353,Mahesh Patil,17,M
354,Vinay Kumar,24,M
354,Savitri Patil,57,F
355,Lakshmi Naik,11,F
355,Savitri Patil,36,F
356,Prasad Shetty,64,M
356,Santosh Achar,52,M
357,Vinay,46,M
358,Kiran Reddy,41,M
359,Kiran Hegde,34,M
359,Bhavani Naik,64,F
360,Geetha Achar,57,F
360,Manjula Patil,36,M
361,Kiran Rao,66,F
362,Basavaraj,47,M
363,Pooja Poojary,70,F
363,Deepa Poojary,27,M
364,Shobha Achar,26,F
364,Mahesh Shetty,45,M
365,Chaitra Achar,63,M
366,Savitri Reddy,40,M
366,Shobha Hegde,45,F
367,Bhavani Gowda,63,M
367,Shobha Gowda,58,F
368,Sowmya Kumar,66,F
369,Sushma Gowda,26,M
370,Vinay Poojary,33,M
370,Naveen Poojary,29,F
371,Sushma Hegde,54,F
371,Anitha Reddy,59,F
372,Pooja Reddy,16,M
373,Shobha Hegde,49,M
373,Ramesh Gowda,31,F
374,Pooja Patil,58,M
374,Manjula Rao,36,M
375,Deepa Patil,28,F
376,Chaitra Achar,20,M
377,Manjula Poojary,12,M
377,Pooja Reddy,14,M
378,Lakshmi Reddy,70,F
378,Ravi,56,M
379,Shobha,25,F
380,Kavya Achar,40,M
380,Radha Gowda,29,M
381,Anil Patil,29,F
382,Geetha Hegde,12,M
382,Nandini,45,M
383,Praveen Achar,33,F
383,Manjunath Reddy,57,M
384,Sushma Rao,44,M
385,Kavya Poojary,41,F
385,Raju Rao,64,M
386,Nagaraj Gowda,13,F
387,Basavaraj Patil,42,F
387,Lakshmi Shetty,50,M
388,Ramesh Patil,67,M
389,Manjunath Shetty,16,M
390,Nagaraj Patil,69,M
391,Manjunath Patil,23,M
392,Geetha Poojary,63,M
393,Pooja Poojary,26,M
393,Raju Patil,14,F
394,Naveen Achar,35,F
395,Basavaraj Patil,33,M
395,Mahesh Hegde,60,M
396,Prasad Hegde,69,F
396,Kavya Hegde,22,F
397,Mahesh Gowda,59,F
397,Deepa Hegde,37,F
398,Savitri Shetty,13,M
399,Naveen Hegde,48,F
400,Naveen Hegde,53,F
400,Manjunath Naik,12,F
401,Bhavani Reddy,68,F
401,Naveen Reddy,64,M
402,Pooja,58,F
403,Nandini,28,M
404,Basavaraj Rao,42,F
404,Manjula Kumar,66,F
405,Manjula Hegde,61,F
405,Kavya Naik,37,M
406,Manjunath Reddy,51,F
407,Sushma Hegde,53,M
408,Basavaraj Achar,16,M
409,Ganesh Reddy,34,F
410,Radha Gowda,24,M
411,Basavaraj Kumar,43,F
412,Ganesh Patil,49,M
412,Radha Naik,41,F
413,Ramesh Achar,13,F
414,Praveen,18,M
415,Radha Shetty,28,M
415,Savitri Naik,55,M
416,Kiran Patil,10,M
417,Suresh Gowda,55,M
417,Shivakumar,10,F
418,Manjunath Kumar,56,F
419,Pooja Gowda,36,F
419,Ganesh Patil,12,M
420,Pooja Gowda,38,M
421,Deepa Patil,22,M
422,Shivakumar,68,F
422,Suresh Patil,51,M
423,Geetha Patil,46,F
424,Kavya Patil,47,M
424,Lakshmi Naik,13,M
425,Manjunath,30,F
426,Shivakumar Hegde,44,F
427,Anitha Naik,19,M
427,Sushma,37,F
428,Prasad,57,F
428,Sowmya Reddy,24,F
429,Deepa,33,M
430,Prasad Patil,43,F
431,Anitha Poojary,49,M
431,Chaitra Kumar,34,M
432,Srinivas Kumar,68,F
433,Ganesh Poojary,41,F
433,Nandini Naik,35,M
434,Savitri Rao,51,M
435,Shobha Shetty,35,F
436,Naveen Poojary,37,F
437,Bhavani Kumar,13,F
437,Mahesh Shetty,61,M
438,Pooja Reddy,53,F
439,Praveen Patil,61,M
440,Geetha Hegde,14,F
440,Shobha Rao,34,M
441,Radha Kumar,62,F
441,Basavaraj Reddy,61,F
442,Mahesh Shetty,24,M
443,Nagaraj Achar,27,F
444,Prasad Kumar,36,M
445,Basavaraj Rao,60,F
445,Vinay,70,M
446,Anitha Hegde,21,M
447,Sowmya Poojary,30,M
448,Raju Patil,68,F
448,Sowmya,16,F
449,Pooja Reddy,39,M
450,Pooja Poojary,24,F
450,Geetha Naik,30,F
451,Geetha Reddy,34,M
451,Chaitra Patil,28,M
452,Sushma Kumar,17,M
453,Nandini Shetty,43,F
454,Bhavani Shetty,14,F
455,Vinay Shetty,12,M
455,Nagaraj,29,F
456,Naveen,43,M
457,Deepa Hegde,11,M
458,Prasad Achar,30,M
459,Lakshmi Gowda,39,F
460,Basavaraj Reddy,53,M
460,Santosh,12,F
461,Sowmya,63,F
461,Sushma Shetty,15,F
462,Nandini Kumar,62,F
462,Ramesh Shetty,25,F
463,Nandini,62,M
463,Naveen Gowda,62,M
464,Santosh,69,F
464,Bhavani Shetty,13,F
465,Nandini Naik,27,F
465,Nandini Gowda,15,F
466,Mahesh Rao,10,M
466,Ramesh Reddy,37,F
467,Naveen Poojary,8,M
467,Naveen Rao,15,F
468,Sowmya Gowda,21,F
468,Raju Gowda,25,M
469,Savitri Hegde,38,F
469,Manjula Shetty,31,F
470,Bhavani Kumar,38,F
471,Manjunath Poojary,60,M
471,Shivakumar Hegde,13,M
472,Shivakumar,16,M
472,Mahesh Gowda,40,F
473,Sowmya Hegde,42,F
474,Sushma Shetty,22,M
474,Lakshmi Poojary,43,M
475,Lakshmi Achar,17,M
475,Shobha Patil,27,F
476,Nandini Poojary,39,M
476,Prasad Naik,46,F
477,Kavya Gowda,59,F
477,Anitha Rao,14,M
478,Prasad Reddy,61,M
478,Shivakumar Patil,69,F
479,Pooja Kumar,21,M
480,Srinivas Rao,53,M
481,Ganesh Kumar,55,F
482,Pooja Kumar,30,M
483,Deepa Patil,69,F
484,Sowmya Reddy,38,M
484,Manjula Achar,33,F
485,Nandini Patil,23,M
485,Prasad,31,M
486,Chaitra Kumar,66,F
487,Santosh Gowda,56,M
488,Bhavani Reddy,11,M
489,Raju Poojary,66,M
490,Geetha Patil,68,F
491,Bhavani Naik,38,M
491,Shobha,28,F
492,Santosh Patil,9,F
493,Lakshmi Hegde,36,F
494,Mahesh Kumar,57,M
495,Manjunath,59,F
495,Sushma Gowda,60,F
496,Geetha Kumar,11,F
496,Kiran Shetty,52,M
497,Chaitra Poojary,63,M
497,Ravi Poojary,55,F
498,Radha Achar,63,M
498,Naveen Gowda,55,M
499,Ravi Reddy,70,M
500,Radha Poojary,51,F
501,Ravi Kumar,29,F
501,Naveen Kumar,48,F
502,Geetha Achar,45,F
503,Geetha Poojary,61,M
504,Chaitra Achar,11,F
505,Ravi Achar,62,M
505,Ravi,49,M
506,Basavaraj,15,F
506,Sowmya Gowda,49,F
507,Praveen Hegde,34,M
507,Pooja Gowda,14,M
508,Anitha Hegde,54,F
509,Pooja Kumar,17,F
509,Santosh Naik,41,F
510,Santosh Achar,44,M
510,Sushma Achar,62,M
511,Raju Naik,47,F
511,Srinivas Rao,16,F
512,Ramesh Shetty,50,F
512,Chaitra Naik,42,F
513,Sushma Reddy,43,M
513,Ganesh Hegde,65,M
514,Santosh Gowda,12,F
515,Kavya Kumar,64,M
516,Nagaraj Gowda,49,F
516,Nandini Reddy,12,M
517,Sushma Achar,65,F
518,Srinivas Gowda,12,F
519,Mahesh Naik,26,M
519,Mahesh Patil,61,F
520,Praveen Patil,53,M
520,Nandini,44,M
521,Lakshmi Poojary,31,M
521,Vinay Patil,55,F
522,Ganesh Reddy,44,M
523,Sowmya Achar,49,M
524,Pooja Kumar,53,M
524,Srinivas Achar,70,F
525,Pooja Gowda,62,F
525,Santosh Rao,51,F
526,Vinay Naik,42,M
527,Ramesh Poojary,23,M
528,Ganesh Shetty,21,F
528,Manjunath Rao,8,F
529,Sowmya Gowda,58,M
529,Bhavani Hegde,31,M
530,Nandini Achar,8,M
531,Lakshmi Gowda,50,M
532,Naveen Gowda,12,F
533,Shobha Rao,11,M
534,Basavaraj Kumar,28,F
535,Nandini Rao,53,F
536,Sowmya Patil,58,F
537,Anil Hegde,23,F
537,Geetha Naik,16,M
538,Geetha Rao,61,M
538,Lakshmi Naik,47,F
539,Ganesh Reddy,38,M
539,Geetha Poojary,31,F
540,Prasad Reddy,31,F
540,Chaitra Rao,9,M
541,Srinivas Patil,27,M
541,Radha Rao,32,M
542,Geetha Poojary,60,M
543,Kiran Achar,60,F
543,Chaitra Patil,70,M
544,Deepa Patil,24,F
544,Sushma Hegde,16,F
545,Nandini Poojary,38,M
546,Nagaraj Patil,12,M
547,Naveen Hegde,65,F
547,Savitri Gowda,12,F
548,Ramesh Hegde,38,F
549,Anil Hegde,57,M
550,Sowmya Patil,41,M
551,Shivakumar,45,M
552,Sushma Kumar,54,M
553,Santosh Patil,39,M
554,Chaitra Reddy,39,F
554,Bhavani Reddy,53,M
555,Shivakumar Poojary,38,M
555,Shivakumar Achar,57,F
556,Deepa Shetty,28,F
556,Vinay Reddy,30,F
557,Geetha Gowda,30,F
557,Manjula Achar,10,F
558,Geetha Gowda,49,M
558,Basavaraj Shetty,60,M
559,Ravi Naik,49,M
560,Deepa Gowda,35,M
561,Manjunath Hegde,25,F
562,Geetha Rao,53,F
562,Pooja Patil,31,M
563,Bhavani Hegde,40,M
563,Shobha Patil,59,M
564,Basavaraj,32,M
565,Pooja Patil,61,M
566,Ganesh Achar,24,F
566,Shivakumar Reddy,48,M
567,Kavya Hegde,56,M
567,Bhavani Kumar,33,F
568,Ramesh Achar,60,F
569,Manjunath Naik,41,F
570,Geetha Rao,29,F
570,Geetha Poojary,30,F
571,Sowmya Rao,39,M
571,Basavaraj Achar,37,M
572,Manjula Kumar,42,M
573,Radha Achar,13,M
574,Mahesh Poojary,15,M
574,Manjunath Kumar,28,M
575,Anil Gowda,62,F
576,Praveen Patil,49,F
576,Prasad Hegde,22,F
577,Anil Kumar,70,M
578,Nandini Patil,43,M
578,Anil,14,F
579,Manjula Rao,44,F
579,Srinivas Shetty,70,M
580,Vinay,24,M
580,Nagaraj Shetty,49,F
581,Manjula Patil,10,M
581,Shobha Patil,53,F
582,Mahesh Gowda,32,M
582,Manjunath Naik,14,M
583,Shivakumar Kumar,26,M
584,Chaitra Kumar,51,F
584,Kavya Shetty,27,M
585,Manjula,28,M
586,Praveen Poojary,12,F
586,Santosh Naik,54,F
587,Sushma Hegde,15,F
587,Geetha Poojary,37,M
588,Ravi Patil,56,M
588,Manjunath Shetty,59,M
589,Pooja Kumar,46,M
589,Anitha Gowda,14,F
590,Praveen Kumar,47,F
591,Prasad Gowda,13,F
591,Basavaraj Rao,13,F
592,Suresh Achar,60,F
592,Sowmya,43,M
593,Deepa Kumar,42,F
594,Shobha Hegde,38,F
594,Kiran Naik,70,M
595,Radha,18,F
595,Vinay Gowda,51,F
596,Nagaraj Reddy,9,M
597,Raju Poojary,9,F
598,Shivakumar Hegde,33,F
598,Ravi Reddy,40,F
599,Nandini Hegde,62,M
599,Sowmya Shetty,12,M
600,Sowmya Achar,32,F
600,Anil Patil,45,F
601,Savitri Naik,19,M
602,Shivakumar Hegde,31,F
602,Ravi Gowda,42,M
603,Anitha Achar,20,F
603,Shobha Patil,69,M
604,Anitha Hegde,34,F
605,Bhavani,46,M
605,Geetha Hegde,34,M
606,Shivakumar Shetty,8,M
606,Srinivas Reddy,46,M
607,Lakshmi,69,M
607,Savitri Patil,13,F
608,Suresh Reddy,28,M
609,Ganesh Rao,66,M
609,Shobha Shetty,20,F
610,Prasad Patil,18,M
611,Mahesh Poojary,20,M
611,Suresh Poojary,12,F
612,Chaitra Hegde,25,F
612,Bhavani Patil,28,M
613,Bhavani Poojary,43,F
614,Praveen Shetty,50,M
615,Ravi Hegde,9,F
615,Deepa Kumar,56,F
616,Sowmya Kumar,52,F
617,Manjunath Reddy,29,M
617,Praveen Poojary,59,M
618,Chaitra Patil,31,F
619,Praveen Hegde,28,M
619,Suresh Naik,9,M
620,Ramesh Gowda,29,F
620,Shivakumar Gowda,63,F
621,Kiran Achar,61,M
622,Savitri Reddy,62,F
622,Geetha Reddy,61,M
623,Sowmya Naik,24,M
624,Manjula Patil,59,M
624,Mahesh Naik,13,F
625,Geetha Naik,50,M
626,Anil Achar,15,M
626,Savitri Gowda,14,M
627,Suresh Rao,53,F
627,Suresh Gowda,56,F
628,Deepa Rao,35,M
629,Santosh Poojary,31,M
629,Geetha Poojary,53,F
630,Nandini Rao,61,M
631,Chaitra Shetty,67,M
632,Anitha Reddy,8,M
632,Suresh Poojary,17,M
633,Nandini Poojary,52,M
633,Deepa Naik,52,F
634,Nandini Patil,58,F
634,Nagaraj Reddy,27,M
635,Naveen Achar,30,F
635,Radha Gowda,28,F
636,Sowmya Kumar,62,M
637,Nandini Gowda,38,M
638,Suresh Naik,61,F
639,Anil Naik,61,M
639,Prasad Kumar,12,F
640,Ravi Gowda,34,F
640,Bhavani Poojary,23,F
641,Savitri Hegde,58,M
642,Basavaraj Gowda,70,F
643,Deepa Reddy,67,M
643,Anil,42,M
644,Basavaraj Patil,20,M
645,Sowmya,58,F
645,Bhavani Kumar,17,M
646,Pooja Rao,44,F
646,Sowmya Rao,64,M
647,Naveen Kumar,69,M
648,Ramesh Rao,21,F
649,Srinivas Gowda,55,F
650,Geetha Gowda,19,F
651,Raju,39,M
651,Radha Achar,50,M
652,Mahesh Gowda,21,F
652,Manjunath Hegde,27,M
653,Radha Shetty,51,M
654,Nandini Patil,23,M
654,Vinay Hegde,36,F
655,Manjula Shetty,15,F
655,Lakshmi Achar,50,M
656,Praveen Shetty,17,F
656,Basavaraj Hegde,17,F
657,Chaitra Patil,19,M
658,Shivakumar Shetty,38,M
658,Kiran Poojary,48,M
659,Santosh Hegde,19,M
660,Ramesh Shetty,24,M
661,Lakshmi,14,F
661,Sowmya Rao,48,F
662,Prasad Hegde,58,M
662,Radha,24,M
663,Naveen Gowda,18,F
663,Mahesh Gowda,33,F
664,Santosh Naik,70,M
665,Kavya Reddy,41,F
666,Shobha Reddy,24,F
666,Naveen Gowda,27,M
667,Nagaraj Poojary,37,M
667,Anil Patil,10,M
668,Raju Reddy,43,F
668,Pooja Gowda,23,F
669,Shivakumar Poojary,28,F
669,Santosh Reddy,50,M
670,Raju Poojary,23,F
671,Bhavani Rao,70,F
671,Anitha,70,F
672,Kavya Kumar,38,M
672,Deepa Naik,27,M
673,Santosh Rao,63,M
673,Suresh Achar,42,M
674,Praveen Shetty,36,F
675,Manjunath Poojary,25,M
675,Basavaraj Poojary,52,F
676,Vinay Patil,66,F
676,Pooja Reddy,8,M
677,Basavaraj Hegde,16,F
678,Manjula Hegde,36,M
678,Pooja Gowda,44,F
679,Basavaraj Achar,26,M
680,Pooja Gowda,62,F
681,Santosh Hegde,24,F
681,Lakshmi Poojary,47,F
682,Santosh Rao,37,M
683,Nandini Kumar,10,M
684,Pooja Naik,56,F
685,Prasad Shetty,45,F
685,Naveen Reddy,48,M
686,Praveen Patil,63,M
686,Bhavani Hegde,50,M
687,Radha Gowda,42,M
687,Raju Rao,42,M
688,Sowmya Hegde,13,F
689,Srinivas Reddy,39,F
689,Ravi Patil,61,F
690,Bhavani Achar,12,F
691,Raju Hegde,61,M
691,Shobha Poojary,32,F
692,Mahesh Rao,57,F
693,Shivakumar Patil,19,F
693,Shobha,69,F
694,Kavya Shetty,61,M
695,Srinivas Rao,41,F
695,Santosh Achar,39,M
696,Sushma Achar,18,M
696,Shivakumar Naik,42,F
697,Srinivas Shetty,45,F
697,Shivakumar Hegde,21,M
698,Pooja Achar,20,F
698,Geetha Patil,70,M
699,Deepa,41,F
699,Manjunath Poojary,32,M
700,Naveen Hegde,16,M
701,Deepa Patil,43,M
702,Nandini Shetty,10,M
703,Radha Naik,45,M
703,Manjunath Shetty,11,M
704,Santosh Achar,50,F
705,Raju,20,F
706,Suresh Achar,28,M
707,Suresh Patil,29,F
707,Shobha,17,M
708,Lakshmi Achar,52,F
708,Chaitra Reddy,12,M
709,Manjunath Achar,37,M
709,Nandini Hegde,33,F
710,Nagaraj Naik,41,F
711,Kiran Reddy,11,M
711,Manjunath Hegde,24,M
712,Basavaraj Kumar,44,M
712,Shivakumar Reddy,59,F
713,Nandini,19,M
714,Naveen Patil,58,M
714,Suresh Hegde,40,M
715,Chaitra Kumar,54,M
716,Praveen Poojary,32,M
717,Manjunath Gowda,37,M
718,Naveen Poojary,50,M
719,Radha Poojary,28,F
719,Mahesh Kumar,39,F
720,Suresh Reddy,62,F
721,Srinivas,58,M
722,Prasad Hegde,30,F
722,Sowmya Patil,56,M
723,Ramesh Shetty,49,M
724,Naveen Patil,63,F
724,Anitha Achar,31,F
725,Manjula Achar,57,M
726,Bhavani Naik,67,M
726,Shivakumar Naik,66,F
727,Prasad Poojary,43,F
727,Santosh Gowda,62,F
728,Geetha Patil,40,F
728,Ramesh Naik,66,M
729,Shivakumar Naik,32,M
730,Geetha Gowda,70,F
730,Sushma Reddy,61,M
731,Mahesh Shetty,62,M
731,Shivakumar Reddy,51,M
732,Praveen Rao,55,M
732,Vinay Shetty,11,M
733,Anitha Hegde,62,M
734,Ramesh Patil,19,F
734,Santosh Rao,29,F
735,Deepa Achar,34,M
736,Nagaraj Naik,33,M
736,Savitri,12,F
737,Raju Patil,22,F
737,Prasad Gowda,42,M
738,Manjula,19,M
738,Geetha Shetty,70,F
739,Radha Kumar,19,F
740,Deepa Poojary,35,F
740,Geetha Poojary,50,F
741,Shobha Patil,36,F
741,Ravi Naik,50,F
742,Raju Rao,67,M
742,Anil Hegde,64,M
743,Ganesh Poojary,19,M
743,Deepa Patil,40,M
744,Sowmya Shetty,52,M
744,Lakshmi Reddy,30,F
745,Anil Gowda,19,F
745,Praveen Kumar,41,M
746,Manjunath Kumar,48,M
746,Ravi Gowda,17,M
747,Naveen Kumar,61,F
747,Kiran Rao,68,M
748,Lakshmi Naik,21,F
749,Pooja Naik,15,M
750,Manjunath Reddy,24,M
751,Ganesh Gowda,25,M
752,Manjula Shetty,46,F
752,Kavya Naik,62,M
753,Savitri Gowda,20,M
753,Naveen Kumar,41,F
754,Vinay Achar,9,M
754,Prasad Gowda,34,F
755,Suresh Naik,67,F
756,Pooja Rao,14,F
757,Pooja Naik,66,M
757,Pooja Achar,59,F
758,Ramesh,33,F
759,Shobha,19,M
759,Kiran Gowda,47,F
760,Vinay Reddy,9,F
761,Geetha Reddy,34,M
762,Vinay Achar,32,M
763,Basavaraj Reddy,38,M
763,Shobha Poojary,34,M
764,Ramesh Reddy,10,M
765,Anitha Poojary,43,M
765,Sowmya Rao,67,M
766,Deepa Rao,28,M
766,Ravi Rao,63,F
767,Lakshmi Kumar,63,F
768,Bhavani Achar,58,F
769,Suresh Patil,63,F
769,Sowmya,9,F
770,Lakshmi Rao,42,M
771,Anil Hegde,41,F
772,Basavaraj,41,M
773,Santosh,67,F
774,Kavya Shetty,68,F
774,Suresh Poojary,25,F
775,Pooja Gowda,50,M
775,Savitri Patil,13,M
776,Geetha Reddy,22,F
777,Anil Gowda,56,F
777,Bhavani Naik,29,M
778,Sowmya Achar,33,F
778,Nandini Shetty,38,F
779,Manjula Rao,34,F
779,Savitri,58,M
780,Lakshmi Kumar,20,M
780,Kavya Rao,13,F
781,Anil,11,M
781,Shobha Shetty,56,M
782,Manjula Achar,69,F
783,Nagaraj Shetty,55,M
783,Bhavani Gowda,33,M
784,Mahesh Reddy,15,F
785,Nagaraj Kumar,21,M
785,Ramesh Poojary,55,M
786,Ganesh Achar,14,F
786,Deepa Gowda,68,F
787,Anitha Kumar,19,M
787,Raju Gowda,44,F
788,Naveen Naik,17,M
789,Bhavani Hegde,23,F
789,Vinay Kumar,14,F
790,Praveen Hegde,17,F
791,Pooja Naik,27,M
792,Mahesh Hegde,48,M
792,Suresh Hegde,10,F
793,Kavya Naik,47,M
793,Manjunath,65,M
794,Sowmya Naik,32,F
794,Bhavani Reddy,63,M
795,Savitri Reddy,23,F
795,Bhavani Gowda,62,M
796,Shivakumar Hegde,20,M
797,Pooja Hegde,15,M
798,Shobha Reddy,16,F
798,Anil Naik,12,F
799,Anitha Naik,56,M
799,Anitha Hegde,51,M
800,Chaitra Reddy,58,F
801,Basavaraj Naik,28,F
801,Ravi Kumar,66,M
802,Deepa Gowda,50,M
802,Ganesh,27,M
803,Kavya Kumar,36,F
804,Radha Poojary,35,M
804,Raju Achar,36,M
805,Ramesh Gowda,53,M
805,Manjula Poojary,35,M
806,Kiran Reddy,56,M
806,Radha Patil,21,F
807,Bhavani Reddy,33,F
808,Anitha Hegde,56,M
809,Anitha Kumar,10,F
810,Srinivas Poojary,18,F
810,Shobha,52,F
811,Chaitra Achar,21,F
812,Basavaraj,70,M
813,Basavaraj Kumar,32,F
814,Basavaraj Kumar,20,F
815,Lakshmi Achar,19,F
816,Bhavani Gowda,30,M
816,Nagaraj Hegde,47,M
817,Pooja Shetty,10,M
818,Suresh Poojary,58,F
819,Shivakumar Gowda,19,F
820,Raju Rao,8,F
821,Ganesh Achar,36,M
821,Nagaraj Achar,10,M
822,Raju Gowda,43,M
823,Pooja Gowda,44,M
823,Raju Rao,43,F
824,Shobha Hegde,59,F
825,Vinay Patil,56,M
826,Nandini Reddy,63,F
827,Pooja Patil,49,F
828,Sushma Naik,19,F
829,Manjunath Patil,12,F
829,Raju Hegde,21,M
830,Sushma Patil,63,F
830,Praveen Gowda,61,F
831,Ganesh Rao,67,M
832,Shobha,47,M
833,Ganesh Patil,62,F
834,Chaitra Reddy,22,F
834,Kavya Achar,12,M
835,Nandini Poojary,68,F
836,Manjunath Hegde,49,M
836,Radha Kumar,14,M
837,Mahesh Gowda,8,F
837,Basavaraj Rao,22,F
838,Prasad Reddy,50,M
838,Chaitra,65,F
839,Shivakumar Kumar,46,F
840,Ganesh Naik,54,F
841,Mahesh Patil,41,M
842,Anitha Patil,22,M
842,Sowmya Naik,37,M
843,Sowmya Poojary,49,M
844,Anitha Kumar,60,M
845,Mahesh Patil,54,M
846,Geetha Hegde,46,F
847,Santosh Patil,42,M
847,Anitha Gowda,50,M
848,Lakshmi Rao,51,M
849,Mahesh Reddy,54,F
850,Naveen Gowda,57,F
850,Lakshmi Hegde,49,F
851,Deepa Poojary,63,M
851,Shobha Naik,16,M
852,Vinay Kumar,52,F
853,Santosh Reddy,22,M
854,Geetha Poojary,48,M
855,Bhavani Reddy,23,F
856,Ganesh Shetty,19,M
856,Ganesh Patil,12,M
857,Raju Achar,54,F
857,Lakshmi Achar,60,F
858,Mahesh Patil,68,M
858,Manjunath,26,F
859,Shivakumar Kumar,51,F
859,Deepa Poojary,9,M
860,Naveen Rao,32,M
861,Lakshmi Naik,19,F
861,Nandini Reddy,30,M
862,Pooja Naik,46,F
862,Anil Patil,49,F
863,Naveen Gowda,53,M
864,Chaitra Patil,39,F
864,Nagaraj Reddy,36,M
865,Sushma Gowda,9,M
865,Naveen,14,F
866,Lakshmi Hegde,54,F
867,Praveen Reddy,55,M
868,Geetha Gowda,12,F
869,Anil Patil,12,M
870,Manjunath Shetty,69,M
871,Nandini Naik,39,M
872,Shobha Hegde,63,F
873,Vinay Poojary,70,F
874,Naveen,8,F
874,Sushma Gowda,32,F
875,Shivakumar Naik,28,M
875,Mahesh Gowda,55,F
876,Anitha Patil,65,M
876,Manjunath Gowda,11,F
877,Deepa Kumar,28,M
877,Manjunath Shetty,35,F
878,Praveen Achar,69,F
878,Naveen,12,F
879,Savitri Patil,70,M
879,Radha Hegde,26,M
880,Basavaraj Patil,49,M
881,Kiran Kumar,29,F
882,Suresh,30,F
883,Ravi Gowda,46,M
883,Vinay Naik,42,F
884,Radha Shetty,51,F
884,Deepa,37,F
885,Sowmya Gowda,70,F
886,Manjula Rao,44,F
887,Srinivas Kumar,13,F
888,Bhavani Reddy,64,M
889,Sowmya Poojary,40,F
889,Shobha Reddy,9,F
890,Srinivas Naik,70,F
890,Suresh Hegde,14,F
891,Ravi Patil,14,F
891,Kavya,44,M
892,Anil Rao,59,M
892,Anil Poojary,35,F
893,Geetha Poojary,52,F
893,Shivakumar Patil,38,M
894,Geetha Reddy,56,F
894,Manjula Gowda,65,M
895,Prasad Rao,25,F
896,Lakshmi Kumar,40,M
896,Manjula Naik,39,F
897,Pooja Reddy,28,F
897,Ravi Kumar,61,F
898,Savitri Achar,26,F
898,Chaitra Shetty,62,M
899,Savitri Naik,65,F
900,Prasad Reddy,15,F
901,Prasad Naik,26,M
901,Lakshmi Hegde,34,M
902,Anitha Poojary,42,F
902,Naveen Rao,50,F
903,Shobha Shetty,51,M
904,Chaitra Rao,53,M
905,Sushma Kumar,68,M
906,Bhavani Hegde,9,F
906,Bhavani,30,M
907,Radha Achar,67,M
908,Praveen Kumar,60,F
909,Sushma Kumar,15,F
910,Mahesh Reddy,47,F
911,Santosh Shetty,51,F
911,Nagaraj Patil,25,F
912,Santosh Kumar,8,F
913,Radha Shetty,28,F
914,Ramesh Naik,59,F
915,Santosh Poojary,50,M
915,Chaitra Reddy,28,F
916,Deepa Poojary,45,F
916,Nagaraj,47,M
917,Radha Achar,56,F
917,Shivakumar Achar,14,M
918,Manjula Achar,42,M
918,Santosh Poojary,38,M
919,Bhavani Achar,38,M
919,Savitri Patil,57,F
920,Shobha Shetty,38,F
921,Naveen Poojary,35,F
921,Bhavani Reddy,9,M
922,Raju Naik,65,F
923,Basavaraj Patil,27,M
924,Vinay Reddy,55,F
925,Vinay,16,M
925,Suresh,9,M
926,Bhavani Gowda,20,M
926,Kavya Gowda,24,F
927,Suresh Kumar,51,F
927,Anil Achar,36,M
928,Raju Poojary,10,F
929,Anitha Patil,59,F
929,Prasad Patil,41,F
930,Ramesh Poojary,33,F
931,Kavya Achar,40,F
931,Prasad Rao,55,F
932,Raju Achar,20,F
932,Manjula Naik,55,M
933,Manjunath Naik,34,F
933,Ganesh Rao,57,M
934,Raju Kumar,18,M
934,Lakshmi,44,M
935,Raju Reddy,59,M
935,Suresh Reddy,31,M
936,Deepa Shetty,24,F
936,Prasad Kumar,49,F
937,Pooja Poojary,14,M
938,Sushma,69,M
938,Sushma Reddy,42,F
939,Anitha Achar,26,M
940,Lakshmi Patil,35,F
940,Savitri Achar,55,M
941,Basavaraj Shetty,30,M
941,Manjunath Rao,32,M
942,Sowmya Kumar,19,M
943,Lakshmi,51,M
943,Prasad Hegde,9,M
944,Kavya Reddy,58,F
944,Nandini,45,F
945,Basavaraj Patil,52,M
945,Ramesh Rao,65,F
946,Manjunath Naik,11,M
946,Sowmya,54,M
947,Manjula Hegde,45,M
948,Raju Hegde,35,M
949,Ganesh Hegde,17,M
950,Nandini Rao,20,F
951,Kiran Rao,38,F
952,Vinay Rao,25,F
952,Nandini Naik,55,F
953,Deepa Patil,59,M
954,Basavaraj Achar,40,M
954,Mahesh Patil,54,M
955,Savitri Shetty,66,M
955,Raju Reddy,13,M
956,Naveen Gowda,16,M
957,Praveen,29,M
958,Pooja Reddy,25,M
958,Ganesh Gowda,49,F
959,Geetha Achar,46,M
960,Manjula Gowda,37,F
960,Srinivas Poojary,22,F
961,Savitri Naik,40,F
962,Anitha Reddy,30,F
963,Raju,24,M
963,Prasad Poojary,8,F
964,Basavaraj Hegde,41,F
964,Raju Gowda,44,M
965,Pooja Achar,16,M
966,Shivakumar Rao,27,F
967,Suresh Kumar,20,M
967,Srinivas Rao,32,M
968,Anil Naik,63,F
969,Radha Patil,30,F
969,Shivakumar Naik,45,M
970,Prasad Shetty,67,F
970,Prasad Hegde,8,F
971,Sowmya Shetty,48,M
971,Sushma Poojary,40,F
972,Prasad Shetty,48,M
973,Bhavani Rao,31,M
973,Sushma Naik,61,M
974,Anitha Poojary,67,M
975,Nagaraj Kumar,19,F
975,Pooja Rao,69,M
976,Nagaraj Hegde,62,F
977,Santosh Hegde,17,M
978,Geetha Kumar,53,F
979,Shivakumar Patil,45,F
980,Kavya Naik,17,M
980,Raju Achar,57,F
981,Ravi Achar,58,F
982,Sowmya Achar,69,M
983,Pooja Reddy,47,F
984,Sowmya,19,F
984,Lakshmi Hegde,59,F
985,Kiran Patil,20,F
985,Anil Patil,29,F
986,Manjula Rao,9,M
986,Raju,60,F
987,Nandini Hegde,59,M
987,Vinay Naik,50,F
988,Anitha,70,F
988,Manjula Gowda,16,M
989,Praveen,67,M
990,Chaitra Gowda,29,M
991,Sushma Reddy,43,F
992,Kavya,55,F
992,Praveen Shetty,47,M
993,Praveen Kumar,38,M
994,Sushma Hegde,49,F
995,Nandini Achar,63,F
995,Nagaraj Reddy,12,F
996,Manjunath Kumar,57,M
997,Srinivas Shetty,23,M
998,Kavya Hegde,13,F
998,Mahesh Reddy,60,M
999,Suresh Gowda,67,M
999,Ramesh Gowda,60,M
1000,Sushma Gowda,62,M
1001,Chaitra Shetty,45,F
1001,Radha Gowda,28,F
1002,Nandini Naik,55,M
1003,Lakshmi Rao,8,F
1003,Kavya Gowda,58,M
1004,Shobha Kumar,39,M
1005,Sowmya Poojary,49,F
1005,Raju Achar,36,F
1006,Ramesh Gowda,37,M
1006,Srinivas Achar,21,F
1007,Kavya Patil,11,M
1008,Mahesh Naik,59,F
1008,Geetha Naik,43,F
1009,Shobha Reddy,45,M
1010,Anitha,39,F
1011,Kavya Gowda,20,F
1012,Chaitra Gowda,19,M
1012,Basavaraj Naik,65,F
1013,Ganesh Rao,25,F
1013,Ganesh Reddy,53,F
1014,Suresh Reddy,44,F
1015,Bhavani,8,F
1015,Sowmya Reddy,45,M
1016,Kiran Shetty,69,M
1016,Sowmya Shetty,52,M
1017,Savitri,28,F
1017,Manjula Naik,30,F
1018,Manjula Patil,53,F
1019,Ganesh Hegde,23,F
1020,Savitri Achar,50,F
1021,Manjunath Reddy,44,M
1021,Savitri Patil,66,F
1022,Prasad Naik,52,F
1023,Geetha Patil,70,F
1023,Santosh Achar,43,M
1024,Suresh Gowda,35,F
1025,Anil Patil,61,F
1026,Shivakumar Reddy,18,F
1027,Lakshmi,38,M
1027,Vinay Poojary,9,F
1028,Anil Gowda,40,F
1029,Raju Rao,70,F
1029,Mahesh Shetty,31,F
1030,Radha Naik,32,M
1031,Lakshmi Gowda,22,F
1032,Manjula,69,M
1033,Raju Hegde,17,F
1033,Mahesh,25,M
1034,Nandini Kumar,25,F
1034,Kavya Reddy,37,F
1035,Manjunath Hegde,17,M
1036,Chaitra Kumar,24,M
1036,Suresh Poojary,12,F
1037,Deepa Shetty,19,F
1037,Ramesh Shetty,53,F
1038,Manjula Hegde,66,M
1039,Suresh Patil,46,M
1039,Praveen Rao,47,F
1040,Anil Patil,33,M
1041,Praveen Patil,49,F
1042,Sushma Reddy,9,F
1043,Chaitra,37,M
1043,Chaitra Patil,32,M
1044,Shivakumar Patil,8,M
1045,Praveen Kumar,54,M
1046,Shivakumar Achar,38,F
1047,Naveen Hegde,33,F
1047,Ramesh Reddy,35,M
1048,Deepa Rao,34,F
1048,Vinay Patil,56,F
1049,Santosh Achar,67,F
1050,Bhavani Gowda,43,F
1051,Manjunath Poojary,66,M
1051,Srinivas Patil,21,M
1052,Radha,27,F
1053,Sowmya,24,F
1053,Bhavani Shetty,8,F
1054,Deepa Gowda,35,M
1055,Naveen,20,F
1055,Kavya Poojary,42,F
1056,Lakshmi,23,F
1057,Anitha Hegde,15,F
1057,Lakshmi Achar,17,F
1058,Lakshmi Hegde,36,M
1058,Manjula Patil,32,M
1059,Mahesh Shetty,16,F
1060,Sushma Shetty,56,F
1061,Sushma Poojary,69,M
1061,Geetha Hegde,25,M
1062,Savitri,28,F
1063,Pooja Hegde,27,M
1063,Sowmya Gowda,66,M
1064,Anil Achar,53,F
1065,Basavaraj Patil,53,F
1065,Nandini Kumar,33,F
1066,Praveen Poojary,52,M
1067,Pooja Naik,15,F
1068,Chaitra Gowda,26,F
1068,Chaitra Reddy,36,F
1069,Pooja,31,M
1069,Ravi Rao,18,F
1070,Santosh Hegde,62,M
1070,Sowmya Kumar,9,M
1071,Sushma Reddy,11,M
1072,Geetha Achar,29,F
1072,Shobha Rao,24,M
1073,Chaitra Reddy,52,M
1074,Anil Patil,57,M
1075,Prasad Kumar,64,F
1075,Pooja Reddy,63,F
1076,Nagaraj Gowda,27,F
1077,Ganesh Shetty,52,F
1078,Geetha Gowda,8,M
1078,Manjula Naik,28,F
1079,Naveen Patil,10,M
1080,Geetha Achar,55,F
1081,Srinivas Achar,14,M
1081,Chaitra,58,M
1082,Praveen Naik,39,M
1082,Prasad Achar,62,F
1083,Suresh Poojary,61,F
1084,Sowmya Patil,25,F
1085,Anil Naik,56,F
1086,Radha Shetty,33,F
1087,Santosh Rao,43,F
1087,Raju Naik,17,F
1088,Radha Reddy,42,M
1089,Anitha Hegde,14,F
1089,Nagaraj Achar,62,F
1090,Basavaraj Reddy,58,M
1090,Anil Patil,47,F
1091,Kavya Rao,19,M
1092,Manjunath Kumar,8,F
1092,Basavaraj Rao,42,F
1093,Anitha Gowda,41,M
1093,Manjula Patil,43,M
1094,Nandini Patil,37,M
1095,Suresh Patil,68,F
1096,Geetha Reddy,10,F
1097,Kiran,35,M
1098,Savitri Reddy,52,M
1099,Kavya Shetty,21,F
1100,Kavya Rao,63,F
1100,Nagaraj Achar,62,F
1101,Praveen Achar,48,F
1101,Bhavani Hegde,17,F
1102,Geetha Hegde,12,F
1102,Manjula Rao,8,F
1103,Pooja Poojary,54,F
1104,Sushma Shetty,20,M
1104,Anitha Naik,67,M
1105,Srinivas Kumar,60,F
1105,Kavya Kumar,45,F
1106,Ravi Gowda,31,F
1106,Praveen Naik,32,M
1107,Lakshmi Reddy,61,F
1107,Radha Kumar,49,F
1108,Kiran Reddy,29,F
1109,Basavaraj Shetty,27,F
1109,Manjula Reddy,67,F
1110,Radha,67,M
1110,Geetha Gowda,18,M
1111,Nagaraj Kumar,24,F
1111,Shivakumar Reddy,57,F
1112,Lakshmi Poojary,51,M
1112,Radha Reddy,56,F
1113,Basavaraj Hegde,14,M
1113,Manjula Patil,44,F
1114,Chaitra Reddy,39,M
1114,Sushma Naik,68,F
1115,Prasad Reddy,36,F
1115,Deepa Reddy,18,F
1116,Prasad Shetty,10,M
1117,Srinivas Gowda,62,F
1117,Manjula Patil,39,F
1118,Nagaraj Naik,47,F
1119,Srinivas Achar,10,F
1119,Suresh Hegde,14,F
1120,Radha Achar,11,F
1121,Bhavani Reddy,17,F
1122,Prasad Shetty,67,F
1122,Lakshmi Reddy,60,F
1123,Kiran Reddy,68,F
1123,Shivakumar Achar,36,F
1124,Chaitra Rao,46,F
1124,Santosh Rao,44,M
1125,Deepa Poojary,26,M
1126,Nagaraj Naik,26,M
1126,Prasad Hegde,65,M
1127,Radha Hegde,44,M
1127,Vinay,64,F
1128,Nandini Patil,62,M
1128,Suresh Shetty,68,M
1129,Pooja Naik,65,F
1129,Manjula Rao,19,F
1130,Kiran Kumar,31,M
1131,Sushma Naik,24,M
1132,Bhavani Rao,68,F
1132,Shivakumar Shetty,18,F
1133,Sowmya Gowda,56,M
1133,Sushma Achar,69,F
1134,Srinivas Gowda,61,F
1135,Nandini Patil,51,M
1135,Sushma Patil,14,F
1136,Chaitra Rao,37,F
1137,Manjula Achar,44,M
1137,Deepa Reddy,46,F
1138,Nandini Naik,28,F
1138,Santosh Achar,36,M
1139,Santosh Patil,37,M
1139,Nandini Reddy,13,M
1140,Bhavani Rao,61,M
1140,Sowmya Achar,22,F
1141,Pooja Gowda,43,M
1142,Nandini Gowda,52,F
1142,Santosh Reddy,23,F
1143,Mahesh Hegde,31,F
1144,Lakshmi Kumar,32,M
1144,Sushma Shetty,41,M
1145,Nagaraj Gowda,28,F
1145,Sushma Patil,28,F
1146,Kiran Poojary,24,F
1146,Anil Rao,33,M
1147,Nandini Shetty,31,F
1148,Praveen Gowda,10,M
1149,Santosh,68,M
1150,Anitha Hegde,25,M
1151,Mahesh Shetty,24,M
1152,Raju Poojary,66,M
1153,Nagaraj,30,F
1153,Santosh,10,F
1154,Shobha Kumar,53,F
1155,Manjunath Kumar,54,F
1156,Bhavani Patil,14,F
1156,Raju Reddy,41,F
1157,Bhavani Hegde,22,F
1158,Manjula Reddy,16,M
1159,Ravi Achar,18,F
1160,Manjula Gowda,52,M
1160,Chaitra,36,M
1161,Manjula Reddy,38,M
1161,Raju Shetty,15,F
1162,Nagaraj Rao,29,M
1163,Pooja Reddy,17,F
1164,Radha Kumar,43,M
1164,Basavaraj Achar,20,M
1165,Nandini Poojary,41,F
1166,Raju Shetty,19,M
1166,Bhavani Patil,35,M
1167,Pooja Rao,28,M
1167,Naveen Kumar,56,F
1168,Lakshmi Shetty,22,M
1169,Shivakumar Patil,9,M
1170,Savitri,52,M
1171,Raju Achar,59,M
1172,Vinay Shetty,31,F
1173,Srinivas Patil,29,M
1173,Manjula Hegde,52,F
1174,Shivakumar Gowda,43,M
1174,Chaitra Reddy,16,M
1175,Kiran Naik,52,F
1175,Ganesh Reddy,14,F
1176,Sushma Shetty,62,M
1177,Sowmya Gowda,43,F
1178,Nandini Achar,20,M
1178,Naveen Patil,61,M
1179,Savitri Hegde,69,M
1180,Ravi Patil,9,M
1180,Basavaraj Naik,27,M
1181,Geetha Reddy,31,M
1182,Ganesh Hegde,66,M
1183,Sushma Naik,68,F
1184,Nagaraj Hegde,40,M
1184,Santosh Reddy,38,F
1185,Mahesh Poojary,51,M
1186,Deepa Poojary,59,M
1186,Kavya Rao,38,M
1187,Nagaraj Gowda,57,M
1187,Shobha Naik,61,F
1188,Vinay Shetty,63,M
1189,Shivakumar Naik,38,F
1189,Ravi Poojary,25,M
1190,Prasad,68,F
1191,Sowmya Poojary,59,M
1191,Geetha,58,M
1192,Srinivas Naik,40,M
1193,Vinay Gowda,36,M
1194,Radha Reddy,54,M
1194,Mahesh Shetty,25,M
1195,Prasad Patil,61,F
1195,Shobha Kumar,24,F
1196,Manjula,41,M
1196,Sowmya,14,M
1197,Nandini Shetty,41,F
1198,Manjula Rao,51,F
1198,Vinay Achar,53,F
1199,Nagaraj Reddy,52,M
1200,Naveen Kumar,16,F
1201,Lakshmi Reddy,32,F
1202,Manjula Gowda,43,F
1203,Geetha Gowda,39,F
1204,Praveen,13,F
1204,Sowmya Rao,12,F
1205,Ravi Kumar,11,M
1205,Suresh Naik,50,M
1206,Nandini Gowda,26,F
1207,Shivakumar Hegde,69,M
1208,Basavaraj Achar,53,M
1209,Chaitra Achar,59,F
1209,Shobha Reddy,8,M
1210,Praveen Hegde,45,M
1210,Ravi Rao,16,F
1211,Santosh Poojary,48,F
1212,Anil Poojary,69,M
1213,Deepa Kumar,37,M
1214,Deepa Poojary,63,F
1214,Pooja Shetty,30,F
1215,Kavya Shetty,21,M
1216,Anitha Rao,57,F
1216,Ramesh Patil,38,F
1217,Sushma Reddy,47,F
1218,Anil Naik,38,F
1218,Sowmya Rao,32,M
1219,Bhavani,8,M
1220,Basavaraj Hegde,41,M
1220,Deepa Reddy,24,M
1221,Ravi Achar,42,F
1221,Santosh Achar,38,F
1222,Shobha Reddy,27,M
1222,Nagaraj Reddy,30,F
1223,Pooja Gowda,23,F
1223,Shivakumar Reddy,27,F
1224,Sushma Patil,63,M
1224,Naveen Naik,13,M
1225,Suresh Rao,47,F
1226,Ravi Poojary,10,M
1227,Sowmya Reddy,60,F
1228,Anitha Kumar,39,F
1228,Chaitra Hegde,18,M
1229,Praveen Hegde,12,M
1230,Ravi Naik,31,M
1231,Mahesh Naik,65,F
1231,Radha Achar,45,M
1232,Raju Gowda,20,F
1233,Shobha Poojary,13,M
1233,Mahesh Reddy,58,M
1234,Manjula Reddy,24,M
1234,Praveen Reddy,32,F
1235,Vinay,63,F
1235,Manjunath Gowda,37,M
1236,Savitri Kumar,34,M
1236,Pooja Patil,70,F
1237,Kavya Shetty,49,M
1237,Anitha Achar,61,M
1238,Kavya Shetty,48,F
1238,Manjunath Shetty,9,F
1239,Nagaraj,40,F
1239,Ramesh Patil,53,F
1240,Suresh Reddy,16,F
1241,Ramesh Hegde,49,M
1242,Raju Hegde,30,F
1243,Sushma Rao,47,M
1244,Basavaraj Rao,23,F
1245,Kavya Kumar,58,M
1246,Manjula Achar,28,F
1246,Nandini Reddy,65,M
1247,Basavaraj Hegde,44,M
1248,Savitri Patil,46,M
1248,Manjunath Shetty,10,M
1249,Ravi Shetty,10,M
1249,Lakshmi,17,F
1250,Radha Shetty,29,M
1251,Kiran Achar,59,F
1251,Basavaraj Kumar,52,M
1252,Kavya Reddy,67,F
1252,Pooja Gowda,69,F
1253,Shivakumar Kumar,40,M
1253,Kiran Shetty,69,F
1254,Sowmya Gowda,41,F
1255,Anitha Poojary,32,M
1255,Kiran,24,M
1256,Sowmya,42,F
1257,Ravi,48,M
1258,Mahesh Kumar,35,F
1258,Raju Hegde,49,F
1259,Kiran Poojary,63,F
1260,Lakshmi Achar,46,F
1260,Lakshmi Kumar,30,F
1261,Nagaraj Kumar,62,M
1261,Basavaraj Patil,11,F
1262,Anil,68,F
1263,Bhavani,50,F
1263,Shivakumar Patil,46,F
1264,Mahesh,18,M
1264,Ganesh Achar,25,F
1265,Radha Patil,42,F
1265,Shobha Patil,37,M
1266,Shobha Gowda,57,M
1266,Savitri Rao,52,M
1267,Nagaraj Reddy,13,F
1268,Deepa Rao,40,F
1269,Nagaraj Naik,65,F
1269,Ravi Poojary,15,M
1270,Ravi Reddy,43,F
1270,Bhavani Reddy,42,F
1271,Sowmya Gowda,66,F
1271,Radha,11,M
1272,Chaitra Gowda,64,F
1273,Santosh Shetty,26,F
1273,Mahesh Patil,45,F
1274,Manjula Reddy,65,M
1275,Manjula Poojary,44,F
1275,Ravi Patil,19,F
1276,Srinivas Achar,47,M
1277,Basavaraj Patil,40,F
1277,Ganesh Kumar,23,F
1278,Sowmya Gowda,41,F
1279,Mahesh Reddy,68,M
1280,Vinay Gowda,33,M
1281,Raju Rao,67,M
1282,Radha,67,F
1282,Deepa Patil,64,F
1283,Srinivas Poojary,28,M
1283,Mahesh Kumar,43,F
1284,Shobha Reddy,67,F
1285,Praveen Achar,63,F
1286,Ravi Reddy,48,F
1287,Anil Rao,55,F
1288,Pooja,52,M
1289,Bhavani Kumar,56,M
1289,Savitri Achar,38,M
1290,Shobha Gowda,54,F
1290,Ganesh Patil,35,M
1291,Santosh Patil,49,M
1292,Naveen Patil,66,M
1293,Manjula Shetty,25,M
1293,Prasad Gowda,32,M
1294,Basavaraj Poojary,56,F
1294,Prasad Rao,59,M
1295,Savitri Kumar,42,M
1296,Chaitra Naik,11,F
1296,Suresh Hegde,37,M
1297,Shobha Hegde,31,F
1297,Pooja Patil,37,M
1298,Vinay Hegde,54,M
1298,Lakshmi Hegde,70,M
1299,Sowmya Poojary,50,F
1299,Anitha Hegde,12,F
1300,Ganesh,53,M
1301,Pooja Achar,23,F
1301,Lakshmi Rao,36,F
1302,Pooja Achar,69,M
1302,Bhavani Hegde,11,M
1303,Ravi Hegde,43,F
1303,Ramesh Gowda,25,M
1304,Santosh Naik,68,F
1305,Sowmya Reddy,28,M
1306,Sushma Hegde,19,F
1306,Savitri Gowda,59,F
1307,Santosh,18,F
1308,Sushma Poojary,34,M
1308,Sushma Naik,9,F
1309,Radha Rao,62,M
1309,Ravi,27,M
1310,Sushma Hegde,13,F
1311,Sowmya Achar,46,F
1311,Manjunath Gowda,13,F
1312,Basavaraj Rao,20,M
1312,Sushma,21,M
1313,Prasad Shetty,26,M
1313,Bhavani Patil,12,M
1314,Praveen Gowda,11,M
1315,Geetha Poojary,29,F
1316,Ramesh Poojary,50,F
1317,Anitha Gowda,11,F
1318,Naveen Reddy,62,F
1319,Santosh Patil,54,M
1320,Vinay Hegde,15,F
1321,Shobha,43,F
1322,Manjunath Shetty,64,F
1323,Lakshmi Poojary,45,M
1323,Naveen Gowda,42,F
1324,Srinivas Hegde,17,F
1324,Chaitra Poojary,34,M
1325,Chaitra Poojary,20,M
1325,Ravi Poojary,45,F
1326,Nagaraj Hegde,20,M
1326,Nandini Reddy,59,F
1327,Nagaraj Naik,49,M
1327,Basavaraj Reddy,63,F
1328,Prasad Shetty,37,F
1329,Shivakumar Poojary,27,M
1329,Shobha,58,M
1330,Sushma Gowda,30,M
1330,Radha Gowda,36,F
1331,Suresh Achar,13,M
1331,Ganesh,47,M
1332,Anitha Shetty,34,F
1333,Pooja,14,F
1334,Shobha Rao,46,F
1334,Praveen Rao,20,F
1335,Savitri Achar,17,F
1336,Prasad Naik,36,F
1337,Kavya Kumar,62,F
1338,Manjunath Naik,66,F
1339,Shobha Gowda,36,F
1340,Praveen Hegde,22,F
1341,Basavaraj Hegde,38,M
1341,Kiran Shetty,10,F
1342,Praveen Hegde,42,F
1343,Mahesh Rao,16,M
1344,Manjunath Rao,18,F
1344,Naveen Rao,54,F
1345,Sowmya Gowda,23,F
1345,Shivakumar Hegde,28,F
1346,Chaitra Hegde,46,F
1347,Anitha Achar,67,F
1347,Chaitra Rao,51,M
1348,Raju,11,F
1349,Sushma,51,M
1349,Mahesh Achar,10,F
1350,Srinivas,20,M
1350,Sushma Patil,49,M
1351,Anil Shetty,57,M
1351,Naveen Achar,25,F
1352,Santosh Naik,42,M
1353,Radha Poojary,46,M
1354,Kavya Achar,57,M
1354,Naveen Poojary,56,M
1355,Geetha Kumar,65,M
1356,Ramesh Achar,54,F
1356,Nandini Reddy,64,M
1357,Kiran Hegde,53,F
1357,Srinivas Achar,23,M
1358,Mahesh Poojary,45,F
1358,Kiran Patil,32,M
1359,Ganesh Kumar,42,M
1360,Geetha Poojary,34,F
1360,Prasad Achar,69,M
1361,Kavya Kumar,63,F
1362,Deepa Kumar,25,M
1363,Shobha Patil,9,F
1363,Anitha Gowda,21,F
1364,Mahesh Rao,45,M
1365,Santosh Poojary,12,M
1366,Ramesh Rao,68,M
1367,Ganesh Reddy,70,F
1368,Nagaraj,29,F
1369,Manjunath Rao,46,M
1369,Vinay Gowda,27,M
1370,Manjula Reddy,70,F
1370,Nagaraj Patil,41,F
1371,Mahesh Patil,35,M
1371,Srinivas Shetty,15,M
1372,Radha Kumar,9,F
1373,Raju Naik,8,F
1373,Nagaraj Naik,51,F
1374,Kavya Rao,53,F
1375,Sowmya Rao,31,M
1375,Deepa Patil,61,F
1376,Naveen Gowda,24,M
1377,Naveen Kumar,19,F
1377,Geetha Gowda,21,M
1378,Anitha Poojary,62,M
1378,Shobha,46,F
1379,Lakshmi Achar,56,M
1379,Ganesh Gowda,45,F
1380,Manjunath,21,F
1380,Radha Hegde,64,M
1381,Pooja,31,M
1382,Suresh Shetty,34,F
1382,Bhavani Hegde,18,F
1383,Sushma Reddy,46,M
1384,Nandini Reddy,35,F
1385,Radha,59,M
1386,Deepa,14,F
1387,Sowmya Rao,67,M
1387,Pooja Reddy,20,F
1388,Savitri Reddy,32,F
1389,Chaitra Gowda,12,F
1389,Praveen Poojary,28,F
1390,Srinivas,65,F
1390,Sowmya Hegde,61,M
1391,Prasad Kumar,28,M
1392,Praveen Kumar,29,F
1393,Kavya Achar,38,M
1394,Bhavani Naik,54,M
1394,Savitri Kumar,11,M
1395,Kiran Kumar,50,F
1395,Vinay Kumar,43,M
1396,Shobha Kumar,45,F
1397,Raju,62,F
1397,Ganesh,47,F
1398,Mahesh Naik,49,M
1399,Deepa Poojary,68,M
1400,Suresh Gowda,25,M
1401,Raju,15,M
1401,Sowmya Achar,19,F
1402,Raju Poojary,20,F
1402,Geetha Kumar,61,M
1403,Anil Hegde,64,M
1404,Sushma Kumar,26,F
1405,Nagaraj Achar,16,M
1406,Naveen Naik,70,F
1406,Srinivas Achar,48,F
1407,Prasad Patil,32,M
1407,Lakshmi Poojary,60,M
1408,Nandini Hegde,67,F
1409,Sowmya Naik,10,M
1410,Santosh Reddy,52,F
1411,Lakshmi,43,M
1411,Ramesh Gowda,33,M
1412,Sowmya Patil,8,F
1412,Basavaraj Hegde,49,M
1413,Anil,50,F
1414,Nagaraj Hegde,56,F
1415,Nagaraj Rao,67,M
1416,Ganesh Hegde,44,F
1417,Deepa Poojary,39,M
1417,Nagaraj Shetty,70,F
1418,Shobha,68,F
1418,Mahesh Naik,28,F
1419,Basavaraj Gowda,69,F
1419,Ramesh Rao,42,M
1420,Nandini Naik,35,M
1420,Kavya Naik,19,F
1421,Basavaraj Reddy,42,M
1421,Santosh Kumar,43,M
1422,Suresh Naik,39,F
1422,Basavaraj Naik,39,M
1423,Kavya,30,M
1424,Sowmya Poojary,37,F
1424,Prasad Poojary,12,F
1425,Santosh Reddy,62,F
1426,Manjula Gowda,15,M
1426,Prasad Poojary,31,M
1427,Deepa Shetty,38,F
1427,Anil Hegde,64,M
1428,Suresh,11,M
1429,Nandini Patil,36,F
1430,Anil Kumar,22,M
1431,Kavya Poojary,56,M
1431,Bhavani,46,F
1432,Vinay Hegde,61,F
1432,Basavaraj Gowda,67,F
1433,Manjula Poojary,42,F
1434,Manjunath,29,M
1434,Deepa Patil,8,F
1435,Nagaraj Poojary,52,F
1435,Suresh Achar,27,M
1436,Savitri Achar,38,M
1437,Srinivas Poojary,56,M
1438,Geetha Hegde,66,F
1438,Shivakumar Rao,30,M
1439,Sowmya Reddy,69,M
1440,Bhavani Rao,47,M
1441,Manjunath Rao,28,M
1442,Shobha,48,M
1443,Nandini Hegde,8,F
1443,Shivakumar,22,M
1444,Anitha Rao,10,M
1445,Prasad Poojary,59,F
1446,Manjula,37,F
1447,Shobha Rao,16,M
1448,Chaitra Kumar,21,M
1449,Bhavani,55,M
1450,Anil Rao,34,F
1451,Shobha Shetty,9,F
1451,Ganesh Naik,17,M
1452,Kavya Patil,24,F
1453,Sushma Naik,12,F
1454,Deepa Gowda,15,M
1454,Naveen Hegde,49,M
1455,Mahesh Gowda,37,M
1455,Radha,62,M
1456,Naveen Gowda,42,M
1456,Srinivas Patil,69,M
1457,Raju Reddy,52,F
1457,Deepa Kumar,42,F
1458,Sowmya Reddy,37,M
1458,Bhavani Shetty,34,F
1459,Bhavani Rao,10,F
1460,Praveen Rao,17,M
1461,Manjunath Rao,47,M
1461,Suresh Rao,26,F
1462,Mahesh Poojary,50,M
1462,Shobha Gowda,28,M
1463,Deepa Naik,44,M
1464,Ganesh Reddy,37,M
1465,Naveen Reddy,58,M
1466,Raju Kumar,58,F
1466,Ramesh,8,M
1467,Ravi Reddy,67,M
1468,Chaitra Patil,58,M
1468,Savitri Gowda,54,M
1469,Chaitra,23,F
1469,Geetha Achar,40,M
1470,Manjula Kumar,48,M
1471,Bhavani Gowda,13,F
1472,Kiran Hegde,34,M
1472,Sushma Naik,40,F
1473,Kavya Hegde,69,M
1473,Bhavani Achar,23,M
1474,Santosh Naik,38,F
1474,Ramesh,32,F
1475,Sowmya Patil,17,M
1476,Manjunath Rao,64,F
1476,Ramesh Patil,62,F
1477,Savitri Gowda,32,F
1477,Bhavani Shetty,51,M
1478,Savitri Achar,16,M
1479,Shivakumar Patil,51,M
1479,Manjula Rao,56,F
1480,Kiran Patil,54,M
1480,Sowmya,30,F
1481,Mahesh,64,F
1482,Ravi,36,F
1483,Anitha Reddy,54,M
1484,Naveen Kumar,60,M
1484,Srinivas Hegde,20,M
1485,Manjunath,21,M
1486,Kavya Gowda,20,M
1487,Kiran Shetty,31,M
1487,Manjunath Rao,47,M
1488,Sowmya Gowda,35,M
1488,Deepa Achar,49,M
1489,Lakshmi Hegde,43,F
1489,Savitri Patil,36,F
1490,Mahesh Shetty,66,F
1490,Kiran Rao,36,M
1491,Ganesh Achar,41,F
1492,Raju Poojary,56,M
1493,Geetha Rao,31,F
1494,Chaitra Patil,43,F
1495,Sushma Poojary,70,F
1496,Lakshmi Poojary,59,F
1496,Vinay Hegde,30,M
1497,Nandini Kumar,55,F
1497,Savitri Naik,55,F
1498,Santosh Hegde,14,M
1499,Suresh Rao,47,F
1500,Shivakumar Achar,9,M
1500,Sushma Gowda,18,F
1501,Praveen Naik,62,M
1502,Raju Kumar,14,F
1503,Nagaraj Achar,33,F
1504,Shivakumar,62,M
1505,Anitha,53,F
1505,Prasad Kumar,16,F
1506,Mahesh Rao,10,M
1506,Radha Patil,11,F
1507,Sushma Achar,28,F
1508,Shobha Reddy,70,M
1509,Lakshmi Poojary,65,F
1509,Santosh Rao,20,F
1510,Ganesh Shetty,9,F
1510,Suresh Poojary,26,F
1511,Srinivas Poojary,34,F
1512,Kavya Shetty,47,M
1512,Geetha Rao,21,M
1513,Lakshmi Shetty,11,F
1514,Nagaraj Shetty,23,F
1514,Vinay,50,M
1515,Srinivas Reddy,18,F
1516,Sowmya Shetty,40,M
1517,Raju Gowda,67,F
1517,Naveen Rao,8,M
1518,Kiran Poojary,69,M
